{"last_seen": {"CC1Vo9y9183zoiyckDwmwwNYhTB8vfyP7UGjZUR1wX4m": 1781072144.1468225, "ARqJ18xaBLrEJYARaYHxfRKSi1pB7dZjwq1NW6Fiuieb": 1781297968.5392575, "2tgUbS9UMoQD6GkDZBiqKYCURnGrSb6ocYwRABrSJUvY": 1781297967.2527928, "EqiFgyNw6kgrmYstWyrP8VjKhka7XEmKTZzHSmwpr1Zb": 1781072355.131512, "6P13nJ5xTnrLyNs9BYw6KaPFYWEwxxZuK3598cVowfgm": 1781072348.6012561, "7rbxsXchaL1Jz46BXbF88k1hBYoWHLaKo8YbofMndW46": 1781297935.9318726, "HNLZbjxLcUryV8d7XVdaD9KvDhUP6Qq1WLuqUZ5W2B8j": 1781072339.6889424, "6cLLbTznubDDA284PfnEZYzxKiNgzMcf1RFjY8ehE5zK": 1781086146.185249, "4jkL4dNkY2UbpYrTgLA3u5FqKwKs1LM46RcE6FQU3qXi": 1781297964.746975, "Fgej4SPuW282TdrQRfizRHAeRasNqCtAWZizL3jDqMdS": 1781086289.4495707, "G5VbLcSueggWpvtxxmyto2v5GVhMybhAMDGzXGs9HJ9Z": 1781086209.2880502, "kEFiAX3jo5NmemysQov342TZ9mGh6yp92GDRjhA8XDf": 1781086251.9810946, "Bwu2ySdgPbzzHxomFezJDen4LcRcGS9Pyfa38uTDfBH4": 1781086120.8398438, "CcMC5E8UZFW8sLoagxtJEFnxjZ4XwM2xGhpF1e79sj9M": 1781297926.283771, "J1sfMsbxGNXDPMUPXyGs5D6oCEe7fSYgdPMRyVzZuZUW": 1781086253.3100827, "43QmFc2QPPGyMrSNuPnhvfs8BFW1XVZYFdbwURtWoo9x": 1781085659.8981836, "chibidzTMPMcviyngsqPACukTq2jsU9wraHs2pcZCvn": 1781085380.9430556, "3TzTEHGV5GJty944wJC1ttL6Xsx9uRnHcEG6Ga3z8Vdj": 1781297944.0183449, "52esFRYptJCNNKsQCtETtkBMVJoPCWLTC48uQ5bC6DUB": 1781073981.4752893, "C7ML4W7cegR8oBD3K2qeE5WmLgP2BGd8s81Sd78GZxN5": 1781297924.2935452, "BtXodBxX1BUSNZjPmbXuAaqqnwxSRyMs76maTFrAL94r": 1781086259.04022, "9cmtUqsH3A3ZrqKXqBNVtUY6suTxRt6gGJBQXX7CFtcW": 1781297966.3931613}}